id,name
272,Volkan Babacan
273,Fehmi Mert Günok
274,Serdar Aziz
275,Hakan Kadir Balta
276,Ahmet Çalık
277,Caner Erkin
278,Gökhan Gönül
279,Ersan Gülüm
280,Semih Kaya
281,İsmail Köybaşı
282,Ümit Kurt
283,Atınç Nukan
284,Şener Özbayraklı
285,Emre Taşdemir
286,Ozan Tufan
287,Hakan Çalhanoğlu
288,Mehmet Ekici
289,Yunus Mallı
290,Arda Turan
291,Mahmut Tekdemir
292,Mehmet Topal
293,Selçuk İnan
294,Oğuzhan Özyakup
295,Alper Potuk
296,Okay Yokuşlu
297,Eren Albayrak
298,Umut Bulut
299,Emre Çolak
300,Muhammet Demir
301,Mevlüt Erdinç
302,Colin Kâzım-Richards
303,Yasin Öztekin
304,Olcay Şahan
305,Volkan Şen
306,Gökhan Töre
307,Cenk Tosun
308,Enes Ünal
309,Burak Yılmaz
310,Etrit Berisha
311,Alban Hoxha
312,Orges Shehi
313,Ansi Agolli
314,Arlind Ajeti
315,Naser Aliji
316,Berat Djimsiti
317,Arbnor Fejzullahu
318,Elseid Hysaj
319,Ermir Lenjani
320,Mergim Mavraj
321,Amir Rrahmani
322,Freddie Veseli
323,Shkëlzen Gashi
324,Alban Meha
325,Herolind Shala
326,Amir Abrashi
327,Lorik Cana
328,Ergys Kaçe
329,Andi Lila
330,Taulant Xhaka
331,Migjen Basha
332,Burim Kukeli
333,Sabien Lilaj
334,Ledian Memushaj
335,Bekim Balaj
336,Sokol Cikalleshi
337,Rey Manaj
338,Valdet Rama
339,Odise Roshi
340,Armando Sadiku
341,Hamdi Salihi
342,Robert Almer
343,Ramazan Özcan
344,David Alaba
345,Aleksandar Dragović
346,Christian Fuchs
347,Martin Hinteregger
348,Florian Klein
349,Sebastian Prödl
350,Markus Suttner
351,Kevin Wimmer
352,Zlatko Junuzović
353,Marcel Sabitzer
354,Julian Baumgartlinger
355,Stefan Ilsanker
356,Marko Arnautović
357,Marco Djuricin
358,Martin Harnik
359,Lukas Hinterseer
360,Marc Janko
361,Jakob Jantscher
362,Florian Kainz
363,Rubin Okotie
364,Karim Onisiwo
365,Andreas Weimann
366,Thibaut Courtois
367,Simon Mignolet
368,Toby Alderweireld
369,Luis Pedro Cavanda
370,Jason Denayer
371,Vincent Kompany
372,Nicolas Lombaerts
373,Jordan Lukaku
374,Thomas Meunier
375,Thomas Vermaelen
376,Jan Vertonghen
377,Kevin De Bruyne
378,Moussa Dembélé
379,Marouane Fellaini
380,Leander Dendoncker
381,Radja Nainggolan
382,Axel Witsel
383,Zakaria Bakkali
384,Michy Batshuayi
385,Christian Benteke
386,Nacer Chadli
387,Laurent Depoitre
388,Yannick Ferreira Carrasco
389,Eden Hazard
390,Romelu Lukaku
391,Dries Mertens
392,Kévin Mirallas
393,Divock Origi
394,Lovre Kalinić
395,Danijel Subašić
396,Ivan Vargić
397,Vedran Ćorluka
398,Tin Jedvaj
399,Marin Leovac
400,Marko Lešković
401,Goran Milović
402,Josip Pivarić
403,Danijel Pranjić
404,Gordon Schildenfeld
405,Darijo Srna
406,Domagoj Vida
407,Šime Vrsaljko
408,Marcelo Brozović
409,Ivan Perišić
410,Anas Sharbini
411,Milan Badelj
412,Mateo Kovačić
413,Ivan Močinić
414,Mato Jajalo
415,Luka Modrić
416,Mario Pašalić
417,Ivan Rakitić
418,Duje Čop
419,Nikola Kalinić
420,Andrej Kramarić
421,Mario Mandžukić
422,Ivica Olić
423,Marko Pjaca
424,Ante Rebić
425,Petr Čech
426,Tomáš Vaclík
427,Lukáš Bartošák
428,Theodor Gebre Selassie
429,Pavel Kadeřábek
430,Michal Kadlec
431,Tomáš Kalas
432,David Limberský
433,Václav Procházka
434,Daniel Pudil
435,Tomáš Sivok
436,Marek Suchý
437,Adam Hloušek
438,Daniel Kolář
439,Jan Kopic
440,Ladislav Krejčí
441,Filip Novák
442,Tomáš Rosický
443,Ondřej Vaněk
444,Ondřej Zahustel
445,Mario Holek
446,Lukáš Vácha
447,Vladimír Darida
448,David Pavelka
449,Jaroslav Plašil
450,Martin Pospíšil
451,Kamil Vacek
452,Bořek Dočkal
453,Václav Kadlec
454,David Lafata
455,Tomáš Necid
456,Milan Petržela
457,Václav Pilař
458,Jiří Skalák
459,Milan Škoda
460,Josef Šural
461,Jack Butland
462,Joe Hart
463,Leighton Baines
464,Ryan Bertrand
465,Gary Cahill
466,Nathaniel Clyne
467,Eric Dier
468,Kieran Gibbs
469,Phil Jagielka
470,Phil Jones
471,Luke Shaw
472,Chris Smalling
473,John Stones
474,Kyle Walker
475,Adam Lallana
476,James Milner
477,Jonjo Shelvey
478,Dele Alli
479,Ross Barkley
480,Michael Carrick
481,Fabian Delph
482,Jordan Henderson
483,Ryan Mason
484,Jack Wilshere
485,Danny Ings
486,Harry Kane
487,Alex Oxlade-Chamberlain
488,Wayne Rooney
489,Raheem Sterling
490,Andros Townsend
491,Jamie Vardy
492,Theo Walcott
493,Danny Welbeck
494,Hugo Lloris
495,Steve Mandanda
496,Stéphane Ruffier
497,Mathieu Debuchy
498,Lucas Digne
499,Patrice Evra
500,Christophe Jallet
501,Laurent Koscielny
502,Eliaquim Mangala
503,Bacary Sagna
504,Mamadou Sakho
505,Benoît Trémoulinas
506,Raphaël Varane
507,Kurt Zouma
508,Nabil Fekir
509,Lassana Diarra
510,Maxime Gonalons
511,Josuha Guilavogui
512,Geoffrey Kondogbia
513,Morgan Schneiderlin
514,Yohan Cabaye
515,Blaise Matuidi
516,Paul Pogba
517,Moussa Sissoko
518,Hatem Ben Arfa
519,Karim Benzema
520,Kingsley Coman
521,André-Pierre Gignac
522,Olivier Giroud
523,Antoine Griezmann
524,Alexandre Lacazette
525,Anthony Martial
526,Paul-Georges Ntep
527,Dimitri Payet
528,Mathieu Valbuena
529,Manuel Neuer
530,Roman Weidenfeller
531,Ron-Robert Zieler
532,Holger Badstuber
533,Jérôme Boateng
534,Matthias Ginter
535,Jonas Hector
536,Benedikt Höwedes
537,Mats Hummels
538,Shkodran Mustafi
539,Antonio Rüdiger
540,Julian Draxler
541,Mario Götze
542,Toni Kroos
543,Mesut Özil
544,Emre Can
545,Sami Khedira
546,Christoph Kramer
547,İlkay Gündoğan
548,Sebastian Rudy
549,Bastian Schweinsteiger
550,Karim Bellarabi
551,Mario Gómez
552,Patrick Herrmann
553,Max Kruse
554,Thomas Müller
555,Lukas Podolski
556,Marco Reus
557,Leroy Sané
558,André Schürrle
559,Kevin Volland
560,Dénes Dibusz
561,Gábor Király
562,Attila Fiola
563,Gyula Forró
564,Richárd Guzmics
565,Roland Juhász
566,Tamás Kádár
567,Ádám Lang
568,Ádám Pintér
569,Zoltán Szélesi
570,Roland Szolnoki
571,Vilmos Vanczák
572,Ádám Bódi
573,Balázs Dzsudzsák
574,Zoltán Gera
575,László Kleinheisler
576,Leandro Almeida
577,Ákos Elek
578,Ádám Nagy
579,Ádám Simon
580,Zsolt Kalmár
581,Dániel Tőzsér
582,Dániel Böde
583,Gergő Lovrencsics
584,Krisztián Németh
585,Nemanja Nikolić
586,Tamás Priskin
587,Zoltán Stieber
588,Ádám Szalai
589,Roland Varga
590,Ingvar Jónsson
591,Haraldur Björnsson
592,Ragnar Sigurðsson
593,Haukur Hauksson
594,Andrés Már Jóhannesson
595,Kristinn Jónsson
596,Sölvi Geir Ottesen
597,Hjörtur Logi Valgarðsson
598,Hólmar Eyjólfsson
599,Arnór Ingvi Traustason
600,Rúnar Már Sigurjónsson
601,Theódór Bjarnason
602,Emil Pálsson
603,Kári Árnason
604,Björn Sverrisson
605,Viðar Kjartansson
606,Eiður Guðjohnsen
607,Elías Már Ómarsson
608,Garðar Gunnlaugsson
609,Kjartan Finnbogason
610,Matthías Vilhjálmsson
611,Þórarinn Ingi Valdimarsson
612,Shay Given
613,Darren Randolph
614,Kieren Westwood
615,Cyrus Christie
616,Ciaran Clark
617,Séamus Coleman
618,Richard Keogh
619,Paul McShane
620,John O'Shea
621,Stephen Ward
622,Marc Wilson
623,Robbie Brady
624,Wes Hoolahan
625,James McClean
626,Aiden McGeady
627,Harry Arter
628,Jeff Hendrick
629,James McCarthy
630,David Meyler
631,Stephen Quinn
632,Glenn Whelan
633,Robbie Keane
634,Shane Long
635,David McGoldrick
636,Daryl Murphy
637,Jon Walters
638,Gianluigi Buffon
639,Salvatore Sirigu
640,Ignazio Abate
641,Luca Antonelli
642,Davide Astori
643,Andrea Barzagli
644,Leonardo Bonucci
645,Giorgio Chiellini
646,Matteo Darmian
647,Mattia De Sciglio
648,Lorenzo De Silvestri
649,Emiliano Moretti
650,Manuel Pasqual
651,Andrea Ranocchia
652,Andrea Bertolacci
653,Antonio Candreva
654,Alessandro Florenzi
655,Franco Vázquez
656,Daniele De Rossi
657,Mirko Valdifiori
658,Marco Verratti
659,Claudio Marchisio
660,Riccardo Montolivo
661,Marco Parolo
662,Andrea Pirlo
663,Roberto Soriano
664,Éder
665,Stephan El Shaarawy
666,Manolo Gabbiadini
667,Sebastian Giovinco
668,Ciro Immobile
669,Alessandro Matri
670,Stefano Okaka
671,Graziano Pellè
672,Nicola Sansone
673,Simone Zaza
674,Roy Carroll
675,Michael McGovern
676,Craig Cathcart
677,Jonny Evans
678,Lee Hodson
679,Aaron Hughes
680,Daniel Lafferty
681,Gareth McAuley
682,Luke McCullough
683,Conor McLaughlin
684,Ryan McLaughlin
685,Paddy McNair
686,Chris Brunt
687,Stuart Dallas
688,Shane Ferguson
689,Patrick McCourt
690,Ben Reeves
691,Chris Baird
692,Corry Evans
693,Steven Davis
694,Oliver Norwood
695,Liam Boyce
696,Will Grigg
697,Kyle Lafferty
698,Josh Magennis
699,Niall McGinn
700,Billy McKay
701,Jamie Ward
702,Artur Boruc
703,Łukasz Fabiański
704,Wojciech Szczęsny
705,Thiago Cionek
706,Kamil Glik
707,Artur Jędrzejczyk
708,Tomasz Jodłowiec
709,Marcin Komorowski
710,Paweł Olkowski
711,Michał Pazdan
712,Łukasz Piszczek
713,Łukasz Szukała
714,Jakub Wawrzyniak
715,Jakub Błaszczykowski
716,Bartosz Kapustka
717,Sebastian Mila
718,Maciej Rybus
719,Piotr Zieliński
720,Ariel Borysiuk
721,Paweł Dawidowicz
722,Grzegorz Krychowiak
723,Karol Linetty
724,Krzysztof Mączyński
725,Kamil Grosicki
726,Michał Kucharczyk
727,Robert Lewandowski
728,Arkadiusz Milik
729,Sławomir Peszko
730,Artur Sobiech
731,Mariusz Stępiński
732,Beto
733,Anthony Lopes
734,Rui Patrício
735,André Almeida
736,Bruno Alves
737,Vitorino Antunes
738,José Bosingwa
739,Daniel Carriço
740,Ricardo Carvalho
741,Fábio Coentrão
742,José Fonte
743,Raphaël Guerreiro
744,Luís Neto
745,Paulo Oliveira
746,Pepe
747,Ricardo Pereira
748,André Pinto
749,Nélson Semedo
750,Cédric Soares
751,Eliseu
752,João Mário
753,Bernardo Silva
754,Rafa Silva
755,Vieirinha
756,Rúben Neves
757,Danilo Pereira
758,Miguel Veloso
759,André André
760,William Carvalho
761,André Gomes
762,João Moutinho
763,Adrien Silva
764,Tiago
765,Hugo Almeida
766,Cristiano Ronaldo
767,Danny
768,Gonçalo Guedes
769,Lucas João
770,Nani
771,Nélson Oliveira
772,Pizzi
773,Ricardo Quaresma
774,Ukra
775,Silvestre Varela
776,Silviu Lung
777,Costel Pantilimon
778,Ciprian Tătăruşanu
779,Vlad Chiricheş
780,Dragoş Grigore
781,Cristian Manea
782,Alexandru Măţel
783,Sergiu Muth
784,Paul Papp
785,Răzvan Raţ
786,Cristian Săpunaru
787,László Sepsi
788,Gabriel Tamaş
789,Bogdan Vătăjelu
790,Constantin Budescu
791,Claudiu Bumba
792,Alexandru Chipciu
793,Steliano Filip
794,Valentin Lazăr
795,Alexandru Maxim
796,Lucian Sânmărtean
797,Cristian Tănase
798,Gabriel Torje
799,Ovidiu Hoban
800,Mihai Pintilii
801,Paul Anton
802,Andrei Prepeliță
803,Denis Alibec
804,Florin Andone
805,Ioan Hora
806,Andrei Ivan
807,Claudiu Keserü
808,Adrian Popa
809,Mihai Roman
810,Raul Rusescu
811,Bogdan Stancu
812,Florin Tănase
813,Igor Akinfeev
814,Yuri Lodygin
815,Artyom Rebrov
816,Aleksei Berezutski
817,Vasili Berezutski
818,Nikita Chernov
819,Sergei Ignashevich
820,Aleksei Kozlov
821,Oleg Kuzmin
822,Yevgeni Makeev
823,Elmir Nabiullin
824,Ivan Novoseltsev
825,Andrei Semenov
826,Georgi Shchennikov
827,Roman Shishkin
828,Igor Smolnikov
829,Viktor Vasin
830,Yuri Zhirkov
831,Alan Dzagoev
832,Aleksandr Golovin
833,Oleg Ivanov
834,Dmitri Kombarov
835,Aleksei Miranchuk
836,Aleksandr Ryazantsev
837,Aleksandr Samedov
838,Dmitri Torbinski
839,Igor Denisov
840,Ruslan Kambolov
841,Denis Glushakov
842,Pavel Mamaev
843,Magomed Ozdoev
844,Oleg Shatov
845,Roman Shirokov
846,Artur Yusupov
847,Roman Zobnin
848,Denis Cheryshev
849,Denis Davydov
850,Artem Dzyuba
851,Vladislav Ignatjev
852,Aleksei Ionov
853,Maksim Kanunnikov
854,Aleksandr Kerzhakov
855,Aleksandr Kokorin
856,Igor Portnyagin
857,Fedor Smolov
858,Dmitri Yefremov
859,Matúš Kozáčik
860,Ján Mucha
861,Ján Novota
862,Ján Ďurica
863,Norbert Gyömbér
864,Tomáš Hubočan
865,Ľubomír Michalík
866,Peter Pekárik
867,Kornel Saláta
868,Martin Škrtel
869,Lukáš Tesák
870,Ondrej Duda
871,Marek Hamšík
872,Erik Sabo
873,Dušan Švento
874,Viktor Pečovský
875,Ján Greguš
876,Patrik Hrošovský
877,Juraj Kucka
878,Michal Ďuriš
879,Filip Hološko
880,Martin Jakubko
881,Róbert Mak
882,Adam Nemec
883,Stanislav Šesták
884,Miroslav Stoch
885,Róbert Vittek
886,Vladimír Weiss
887,Iker Casillas
888,David de Gea
889,Jordi Alba
890,Raúl Albiol
891,César Azpilicueta
892,Marc Bartra
893,Dani Carvajal
894,Xabier Etxeita
895,Nacho Fernández
896,Mario Gaspar
897,Gerard Piqué
898,Sergio Ramos
899,Mikel San José
900,Juanfran Torres
901,Juan Bernat
902,Santi Cazorla
903,Cesc Fàbregas
904,Isco
905,Koke
906,Juan Mata
907,David Silva
908,Vitolo
909,Sergi Busquets
910,Mario Suárez
911,Thiago Alcântara
912,Andrés Iniesta
913,Paco Alcácer
914,Diego Costa
915,Juanmi Jiménez
916,Álvaro Morata
917,Nolito
918,Pedro Rodríguez
919,Aleix Vidal
920,Patrik Carlgren
921,Karl-Johan Johnsson
922,Jacob Rinne
923,Emil Bergström
924,Sebastian Holmén
925,Emil Salomonsson
926,Pa Konate
927,Adam Lundqvist
928,Anton Tinnerholm
929,Linus Wahlqvist
930,Joakim Nilsson
931,Viktor Claesson
932,Marcus Rohdén
933,Gustav Svensson
934,Alexander Fransson
935,Melker Hallberg
936,Sebastian Eriksson
937,Kerim Mrabti
938,Mikael Ishak
939,Emir Kujović
940,Nicklas Bärkroth
941,Gustav Engvall
942,Christoffer Nyman
943,Roman Bürki
944,Marwin Hitz
945,Yann Sommer
946,Johan Djourou
947,Timm Klose
948,Michael Lang
949,Stephan Lichtsteiner
950,François Moubandje
951,Ricardo Rodríguez
952,Fabian Schär
953,Steve von Bergen
954,Silvan Widmer
955,Fabian Frei
956,Pajtim Kasami
957,Xherdan Shaqiri
958,Valentin Stocker
959,Luca Zuffi
960,Gelson Fernandes
961,Fabian Lustenberger
962,Valon Behrami
963,Blerim Džemaili
964,Gökhan İnler
965,Granit Xhaka
966,Eren Derdiyok
967,Josip Drmić
968,Breel Embolo
969,Admir Mehmedi
970,Haris Seferović
971,Renato Steffen
972,Denys Boyko
973,Andriy Pyatov
974,Oleksandr Rybka
975,Artem Fedetskyi
976,Yevhen Khacheridi
977,Oleksandr Kucher
978,Yaroslav Rakytskyi
979,Vyacheslav Shevchuk
980,Oleh Husyev
981,Oleksandr Karavayev
982,Yevhen Konoplyanka
983,Pavlo Ksyonz
984,Mykola Morozyuk
985,Oleksandr Zinchenko
986,Taras Stepanenko
987,Anatoliy Tymoshchuk
988,Denys Harmash
989,Ruslan Malinovskyi
990,Ruslan Rotan
991,Serhiy Rybalka
992,Serhiy Sydorchuk
993,Roman Bezus
994,Pylyp Budkivskyi
995,Oleksandr Hladkyi
996,Artem Kravets
997,Denys Oliynyk
998,Yevhen Seleznyov
999,Andriy Yarmolenko
1000,Roman Zozulya
1001,Owain Fôn Williams
1002,Wayne Hennessey
1003,James Chester
1004,James Collins
1005,Benjamin Davies
1006,Paul Dummett
1007,Chris Gunter
1008,Adam Henley
1009,Ashley Richards
1010,Neil Taylor
1011,Ashley Williams
1012,Gareth Bale
1013,George Williams
1014,Jonathan Williams
1015,Emyr Huws
1016,David Vaughan
1017,Joe Allen
1018,David Edwards
1019,Andy King
1020,Joe Ledley
1021,Shaun MacDonald
1022,Aaron Ramsey
1023,Simon Church
1024,Tom Lawrence
1025,Hal Robson-Kanu
1026,Sam Vokes